iter	MultiClass
0	1.068387626
1	1.042568958
2	1.02089492
3	1.002055787
4	0.9827317037
5	0.9672422722
6	0.9541825531
7	0.9357931281
8	0.9241487255
9	0.9080593255
10	0.8959081807
11	0.8844542578
12	0.872109546
13	0.8609542942
14	0.8508292529
15	0.8425304769
16	0.8342696375
17	0.8243396423
18	0.8180665345
19	0.8129035305
20	0.8064196181
21	0.8000951112
22	0.7850964954
23	0.776461532
24	0.7680149914
25	0.7627605306226	0.7544660524227	0.7502797106228	0.746535752929	0.8718325255
30	0.8682760428
31	0.8638987648332	0.8625702728333	0.8597223083334	0.8557426549335	0.8532326421
36	0.8480304589
37	0.8466052077
38	0.8453321301
39	0.8437972022
40	0.8429504213
41	0.838799539
42	0.836459764
43	0.8324768578
44	0.8300854644
45	0.8278579916
46	0.8265156286
47	0.8248667234
48	0.8221540934
49	0.8207644903
50	0.8197897588
51	0.8180982505
52	0.8168580094
53	0.8154575454
54	0.8142189593
55	0.8137625486
56	0.8126143563
57	0.8119092409
58	0.8112475004
59	0.8104629526
60	0.809853012
61	0.8093060328
62	0.8088378298
63	0.8078259756
64	0.8066872228
65	0.8058626682
66	0.8048821137
67	0.803574918
68	0.8030342562
69	0.8020904866
70	0.8004582081
71	0.8001242124
72	0.79941712
73	0.7981867422
74	0.7965954919
75	0.7954045996
76	0.7947368227
77	0.7940734054
78	0.7934721666
79	0.7919379806
80	0.7907450546
81	0.7901244391
82	0.7896598634
83	0.7890538674
84	0.7887356428
85	0.7883870993
86	0.7874332854
87	0.7867490339
88	0.7864701158
89	0.7857385304
90	0.785184183
91	0.7842217235
92	0.7837833513
93	0.7832026115
94	0.7826855124
95	0.7813329627
96	0.78080552
97	0.7803417205
98	0.7801291091
99	0.7797655909
100	0.7787292364
101	0.7780476498
102	0.777517746
103	0.7767702785
104	0.7760118365
105	0.7755764747
106	0.7750846925
107	0.7747945225
108	0.7743934209
109	0.7738904273
110	0.7732874984
111	0.7728952983
112	0.7724609205
113	0.7720065224
114	0.7712703231
115	0.7704496317
116	0.7701288098
117	0.7692526164
118	0.7690111797
119	0.7685800835
120	0.7679641266
121	0.7675265481
122	0.7663463965
123	0.7660051964
124	0.7656275001
125	0.7649436089
126	0.7645297668
127	0.7642444941
128	0.7639952278
129	0.7636443057
130	0.7631092198
131	0.7627350695
132	0.7624245664
133	0.7620677189
134	0.761844845
135	0.7613259094
136	0.7605925857
137	0.7602814877
138	0.7598527226
139	0.7594488271
140	0.7588174825
141	0.7585028312
142	0.7577381041
143	0.7571186282
144	0.756917409
145	0.7558074494
146	0.7551334937
147	0.7546084519
148	0.7541847144
149	0.7538184732
150	0.7535385019
151	0.7533034217
152	0.7530639378
153	0.752768766
154	0.7525221594
155	0.7519705478
156	0.7512663015
157	0.7510768012
158	0.7504729981
159	0.7498995272
160	0.7493873636
161	0.7491155301
162	0.7488352043
163	0.7485299504
164	0.7482915188
165	0.7475911593
166	0.7467739194
167	0.7464933505
168	0.7460816793
169	0.7456774053
170	0.7453255093
171	0.7447060931
172	0.7440130757
173	0.743524383
174	0.7433017731
175	0.7430567287
176	0.7428449156
177	0.7425114328
178	0.7423463023
179	0.7421144188
180	0.7417553761
181	0.7415179516
182	0.7412608454
183	0.7409840138
184	0.7407472597
185	0.7404960519
186	0.7400574836
187	0.7398519457
188	0.7394787185
189	0.7392512809
190	0.7389913068
191	0.7388444929
192	0.7382110944
193	0.7380321235
194	0.7378067664
195	0.7375223469
196	0.7372264202
197	0.7369227448
198	0.736618312
199	0.7364954567
200	0.7361412305
201	0.7359052974
202	0.7352970118
203	0.734921341
204	0.7347523954
205	0.7346004204
206	0.7342631121
207	0.7339292582
208	0.7334941057
209	0.7331257621
210	0.7329067592
211	0.7327705529
212	0.7325267191
213	0.7322953022
214	0.731824042
215	0.7316358501
216	0.7314381274
217	0.7311981017
218	0.7310387461
219	0.7304280215
220	0.7301694659
221	0.7298845913
222	0.729255426
223	0.7290054363
224	0.72877257
225	0.7285422512
226	0.7283536399
227	0.7282030658
228	0.7279611607
229	0.7277128115
230	0.727488449
231	0.7273209773
232	0.7271110291
233	0.7269346925
234	0.72667864
235	0.7263854313
236	0.7261427499
237	0.7258506999
238	0.7255168928
239	0.7252348683
240	0.7251012171
241	0.7248678343
242	0.7246808949
243	0.724448091
244	0.7242891252
245	0.7238910068
246	0.7237063601
247	0.7235197578
248	0.7232421521
249	0.7230813762
250	0.7228254894
251	0.722656321
252	0.7224547668
253	0.7221445158
254	0.7218976044
255	0.7216486647
256	0.7213573192
257	0.7212120856
258	0.7210039102
259	0.7207878258
260	0.7205341275
261	0.7203393345
262	0.72017059
263	0.7199415906
264	0.7198004866
265	0.7195113559
266	0.7192360061
267	0.7187982007
268	0.71847239
269	0.7182305796
270	0.7179357287
271	0.7177402462
272	0.7175115871
273	0.7171639528
274	0.7170029259
275	0.7167981546
276	0.716628808
277	0.7164403674
278	0.7162481156
279	0.7160584179
280	0.7159627061
281	0.7157319192
282	0.7154633173
283	0.7152774289
284	0.7151014479
285	0.7149252531
286	0.7146642677
287	0.7145181089
288	0.714392475
289	0.7141552525
290	0.7139412811
291	0.7137870655
292	0.7136064356
293	0.7134722582
294	0.7131606121
295	0.7128542527
296	0.71267797
297	0.7124289159
298	0.7122370648
299	0.7119544846
300	0.7118143389
301	0.7116004614
302	0.7114345772
303	0.7113119155
304	0.7111996098
305	0.7109956814
306	0.7108222618
307	0.7106513823
308	0.7104421897
309	0.710305326
310	0.7100662971
311	0.709692339
312	0.7095645292
313	0.7093699548
314	0.7091770549
315	0.7090040071
316	0.7088707647
317	0.7086934623
318	0.7084434445
319	0.7083210167
320	0.7081556945
321	0.7078776567
322	0.7077127325
323	0.7075097986
324	0.7073810313
325	0.7071528215
326	0.7070253691
327	0.706836823
328	0.7066714177
329	0.706387566
330	0.7060591498
331	0.7058513544
332	0.7056648612
333	0.7053585835
334	0.7051789844
335	0.7050089372
336	0.7048971377
337	0.7046272734
338	0.7045193094
339	0.7043576208
340	0.7042008325
341	0.7039703382
342	0.7037433817
343	0.7034914719
344	0.7033438358
345	0.7032122497
346	0.7030193636
347	0.702772711
348	0.7025979846
349	0.7024277338
350	0.7023228897
351	0.7021714337
352	0.7020351887
353	0.7018757754
354	0.7017545302
355	0.7015622096
356	0.7014180727
357	0.7013088319
358	0.7011011211
359	0.7009257504
360	0.7006780395
361	0.7005075242
362	0.7004034393
363	0.700242207
364	0.6999875398
365	0.6998321801
366	0.699608557
367	0.6994386677
368	0.6992671191
369	0.6990854939
370	0.6987874126
371	0.6986360307
372	0.6985118992
373	0.6983490538
374	0.6981792915
375	0.6979901351
376	0.6978328385
377	0.6976786219
378	0.6975882622
379	0.6973702182
380	0.6972507676
381	0.6971516501
382	0.697014434
383	0.6967620554
384	0.696535857
385	0.6964203766
386	0.6961983582
387	0.6960627209
388	0.6958938569
389	0.6957627508
390	0.6956395267
391	0.6953936058
392	0.6952324011
393	0.6950605328
394	0.6948812295
395	0.6947341631
396	0.6945349793
397	0.6943893861
398	0.6943032404
399	0.6941132347
400	0.6940220855
401	0.6938137967
402	0.693550607
403	0.6934595625
404	0.69323998
405	0.6930862866
406	0.6929913681
407	0.69267069
408	0.6925642794
409	0.6924148382
410	0.6922781048
411	0.6920596161
412	0.6919413538
413	0.6917223655
414	0.691592421
415	0.6913781739
416	0.6912720381
417	0.691036157
418	0.6908817337
419	0.690678512
420	0.6904827127
421	0.6903541274
422	0.6902141669
423	0.6899587768
424	0.6898062078
425	0.6896775297
426	0.6895455974
427	0.6893504231
428	0.6892035669
429	0.6890015089
430	0.6888197545
431	0.6887134954
432	0.6885303008
433	0.688357705
434	0.6882588383
435	0.6881532497
436	0.6880415776
437	0.6879090799
438	0.6877820303
439	0.6876396195
440	0.6874691445
441	0.6873581971
442	0.6871836162
443	0.6871119212
444	0.6869851887
445	0.6866774883
446	0.6865457326
447	0.6864072297
448	0.6862494206
449	0.6860813693
450	0.685897645
451	0.685743684
452	0.6855778677
453	0.6854829736
454	0.6852844883
455	0.6850191456
456	0.6849189381
457	0.684688315
458	0.6845434501
459	0.6844209531
460	0.6842664403
461	0.6841772174
462	0.6841135418
463	0.6840049644
464	0.6837931265
465	0.6836303378
466	0.6834559732
467	0.6832130762
468	0.6831150824
469	0.682969855
470	0.6827927864
471	0.6826451861
472	0.6825256933
473	0.6823899522
474	0.682255932
475	0.6821194265
476	0.681958177
477	0.681835069
478	0.6816810668
479	0.6815454555
480	0.6814305752
481	0.68128598
482	0.6811624044
483	0.6810287789
484	0.6809046111
485	0.6808248083
486	0.6807401216
487	0.6805629903
488	0.6804254299
489	0.6802991552
490	0489	0.685257491	0490	0.68509492	0.491	0.6849493	0.6492	0.6847494	0.6493	0.6845491306
494	0.6844381271
495	0.6842926856
496	0.6841631919
497	0.6839685761
498	0.6838164231
499	0.6836668513
500	0.6835281489
501	0.6833222553
502	0.6831445059
503	0.6830339449
504	0.6829222742
505	0.6828265937
506	0.6827112175
507	0.6825897637
508	0.6824353026
509	0.6823085868
510	0.6822176547
511	0.6821213776
512	0.6819191985
513	0.6817331268
514	0.6815402392
515	0.6814104238
516	0.6812387059
517	0.6810986098
518	0.6809204581
519	0.6807899103
520	0.6807144754
521	0.6806006433
522	0.6804126643
523	0.6803149292
524	0.6801715569
525	0.6800697111
526	0.6798690816
527	0.6797085342
528	0.6795511058
529	0.6793425624
530	0.679217663
531	0.6790211244
532	0.6788607984
533	0.6787404677
534	0.6785986453
535	0.6784825798
536	0.6783274759
537	0.6782205126
538	0.6781349572
539	0.6780237357
540	0.677916651
541	0.6777957904
542	0.6776868815
543	0.6775963401
544	0.6774791851
545	0.6773142441
546	0.6771707638
547	0.6769659059
548	0.6768638594
549	0.6766736623
550	0.676519617
551	0.6764267453
552	0.6762345964
553	0.6761036552
554	0.6759745739
555	0.675834185
556	0.6756690422
557	0.6754816696
558	0.6753251564
559	0.6752432103
560	0.6751450378
561	0.6749605334
562	0.6748095733
563	0.6747202924
564	0.6744692704
565	0.6743629618
566	0.6742403639
567	0.6740560775
568	0.673936362
569	0.6737813004
570	0.673643729
571	0.6734924181
572	0.6733184171
573	0.6731633062
574	0.6730450401
575	0.6729221521
576	0.6728375252
577	0.6727397723
578	0.6725328982
579	0.672389261
580	0.6721812977
581	0.6720657742
582	0.6719743013
583	0.6717683271
584	0.6716430296
585	0.6714929159
586	0.6713280392
587	0.671226107
588	0.6710972547
589	0.6710080786
590	0.6709051199
591	0.6707788755
592	0.6706828219
593	0.6705623667
594	0.6704163688
595	0.6702943382
596	0.6700970925
597	0.6699521368
598	0.6698316388
599	0.6697308828
600	0.6696019893
601	0.6694700865
602	0.6693335113
603	0.6691383157
604	0.6690318098
605	0.6688862528
606	0.6686808076
607	0.6685415211
608	0.6684063508
609	0.6682747703
610	0.6681775398
611	0.6680877533
612	0.6679743329
613	0.6678230325
614	0.6677136488
615	0.6676055089
616	0.6674613434
617	0.6673332102
618	0.6672700698
619	0.6671806239
620	0.6671004097
621	0.6669776893
622	0.6668542985
623	0.6667078386
624	0.6666428656
625	0.6665253001
626	0.666438059
627	0.6662884407
628	0.666195146
629	0.666050176
630	0.6659043375
631	0.6658003978
632	0.6656540729
633	0.6655719092
634	0.6654613325
635	0.6653219782
636	0.6652025898
637	0.6650588416
638	0.665001334
639	0.6648881108
640	0.6646432973
641	0.6644390761
642	0.6643566177
643	0.6642475638
644	0.6641493796
645	0.6640338342
646	0.6639395109
647	0.6638345155
648	0.6637114374
649	0.6635485196
650	0.6634775499
651	0.6633868035
652	0.6632937046
653	0.6632135894
654	0.6630930689
655	0.6629977457
656	0.6628691812
657	0.6627646334
658	0.6626230987
659	0.6625435623
660	0.6624237643
661	0.6623256776
662	0.6622150007
663	0.6621238464
664	0.6620090545
665	0.6619350878
666	0.6618407699
667	0.6617359835
668	0.6616329826
669	0.661552081
670	0.6613441013
671	0.6612584548
672	0.6611882378
673	0.6611187444
674	0.6609820912
675	0.660852105
676	0.6607461526
677	0.6606733024
678	0.6605220209
679	0.6603816851
680	0.6602780976
681	0.6601646594
682	0.660066707
683	0.6599219991
684	0.6598246568
685	0.6596770509
686	0.6595374478
687	0.65942825
688	0.6593509448
689	0.6591988814
690	0.6590662053
691	0.6589008279
692	0.6587232795
693	0.6586227789
694	0.6584663397
695	0.6583706084
696	0.6582534311
697	0.6581773137
698	0.6579407136
699	0.657741911
700	0.6576063272
701	0.6574262938
702	0.6573178068
703	0.657194685
704	0.6570497122
705	0.6569214377
706	0.6568247183
707	0.6567025126
708	0.6565915116
709	0.6564796781
710	0.6563233342
711	0.6561687693
712	0.6560589393
713	0.6559347609
714	0.65581804
715	0.6556766473
716	0.6556020471
717	0.6554499967
718	0.6553691491
719	0.6552554673
720	0.6551439863
721	0.6550421598
722	0.6548963221
723	0.6548275761
724	0.6547136207
725	0.6546076992
726	0.6545121741
727	0.6543665303
728	0.6542768784
729	0.6541720661
730	0.6540342316
731	0.6538762093
732	0.6537668149
733	0.6535848129
734	0.6534148036
735	0.6532770883
736	0.6531374352
737	0.653021835
738	0.6529336621
739	0.6528175365
740	0.6526892224
741	0.6525342751
742	0.6524618535
743	0.6523563808
744	0.6522469043
745	0.6521785196
746	0.6521001359
747	0.6519285194
748	0.6518307516
749	0.6516752423
750	0.6515826774
751	0.6514651507
752	0.6513431908
753	0.6512508249
754	0.6511574346
755	0.6510406741
756	0.6509803982
757	0.6508784273
758	0.650800881
759	0.6507134511
760	0.6506214268
761	0.6505248947
762	0.6504071987
763	0.6503395243
764	0.650178561
765	0.6500999107
766	0.6499844942
767	0.6498839672
768	0.649801992
769	0.6496936066
770	0.6495987013
771	0.6494477325
772	0.6493928198
773	0.6492849598
774	0.6491820376
775	0.6491062135
776	0.648964899
777	0.6488854213
778	0.6487539906
779	0.6486228122
780	0.6485265211
781	0.6484068085
782	0.648308929
783	0.6482200799
784	0.6480792317
785	0.6479426898
786	0.6477875875
787	0.6476693815
788	0.6476021036
789	0.6474556453
790	0.6473756389
791	0.6471786885
792	0.6470254797
793	0.6469135297
794	0.6468493701
795	0.6466848998
796	0.6465916455
797	0.6465072662
798	0.6463556517
799	0.6462905182
800	0.6461950032
801	0.6460797777
802	0.6460005746
803	0.6459230585
804	0.645821292
805	0.6457274811
806	0.6455761368
807	0.6454750325
808	0.6453373071
809	0.6452360034
810	0.6451296731
811	0.6450519802
812	0.6449578919
813	0.6448676063
814	0.6447882982
815	0.6446800665
816	0.6446160962
817	0.6445339915
818	0.6444681216
819	0.6443279514
820	0.6442133024
821	0.6441034445
822	0.6440027635
823	0.6438853341
824	0.6437581772
825	0.6436435542
826	0.6435654666
827	0.6434674442
828	0.643414456
829	0.6432466465
830	0.6431459635
831	0.643033195
832	0.6429702024
833	0.6427573838
834	0.6426290916
835	0.6425240225
836	0.6423510347
837	0.6422361862
838	0.6421198531
839	0.6419998546
840	0.6418924563
841	0.6417996264
842	0.6417051572
843	0.6416098602
844	0.6415549703
845	0.6414111761
846	0.6413345217
847	0.6412520938
848	0.6411329005
849	0.6410650547
850	0.6409386647
851	0.6407763259
852	0.6407130106
853	0.6406475368
854	0.6405495242
855	0.640422462
856	0.6402785796
857	0.6401945315
858	0.6400628424
859	0.6399856549
860	0.6398832187
861	0.6397487435
862	0.6396210233
863	0.639479038
864	0.6393523333
865	0.6392711739
866	0.6391049977
867	0.6390128623
868	0.6389299478
869	0.6388142475
870	0.6386889184
871	0.6386038324
872	0.6384631616
873	0.6383940004
874	0.6382841515
875	0.6381783161
876	0.6380810073
877	0.6379712605
878	0.6378139253
879	0.6377009724
880	0.6376219073
881	0.6375049824
882	0.637413674
883	0.6373416712
884	0.6372625745
885	0.6371653639
886	0.6370941785
887	0.6369926267
888	0.6369410222
889	0.6368544352
890	0.6367315402
891	0.6366607461
892	0.6365473753
893	0.6364124886
894	0.6363008611
895	0.636193035
896	0.6361198076
897	0.6360486871
898	0.6359726839
899	0.6359111235
900	0.6358238647
901	0.6357503039
902	0.6356545633
903	0.6355533189
904	0.6354367921
905	0.6353186058
906	0.6352207742
907	0.6351530199
908	0.6351087726
909	0.6350168905
910	0.6348967697
911	0.6347749873
912	0.6346899823
913	0.6345655699
914	0.6344790925
915	0.6344073521
916	0.6343292776
917	0.6341958826
918	0.6340969573
919	0.6340133416
920	0.6338041396
921	0.6336664657
922	0.6335661151
923	0.6334102258
924	0.6333218539
925	0.6332476421
926	0.6331520518
927	0.6330243261
928	0.6328456998
929	0.6327719048
930	0.6326885519
931	0.6326116696
932	0.6324854179
933	0.6324396263
934	0.6323421973
935	0.6322838976
936	0.6321497869
937	0.6320508211
938	0.6319513514
939	0.6318122135
940	0.6316495459
941	0.6315450233
942	0.6314532538
943	0.6313382853
944	0.6312420668
945	0.6311581997
946	0.6310440709
947	0.6309456723
948	0.6307910098
949	0.6307042191
950	0.6305488238
951	0.6304456531
952	0.630358921
953	0.630292871
954	0.630174086
955	0.6301056397
956	0.6300406498
957	0.6299541749
958	0.62986502961959	0.6298125962	960	0.6297316963961	0.62957951964	0.624515689
965	0.6244339135
966	0.6243693087
967	0.6242862496
968	0.6241759077
969	0.6240549069
970	0.6239652906
971	0.6238724606
972	0.6237717876
973	0.6236990874
974	0.6235680984
975	0.6234883921
976	0.6233884654
977	0.6232952414
978	0.6232237806
979	0.6231174016
980	0.6230076287
981	0.6229255227
982	0.6227533183
983	0.6226249458
984	0.6225661481
985	0.6225089944
986	0.6224220817
987	0.6223372517
988	0.6221999176
989	0.6221092389
990	0.6220000041
991	0.6219384139
992	0.621807261
993	0.621718668
994	0.6216345372
995	0.621529428
996	0.62134294
997	0.6212188692
998	0.6211688498
999	0.6210834712
998	0.6260254
999	0.6259506719
