iter	Passed	Remaining
0	548	547859
1	943	471041
2	1543	512920
3	1866	464715
4	2095	417061
5	2327	385588
6	2598	368589
7	2829	350842
8	3041	334916
9	3299	326675
10	3531	317550
11	3773	310661
12	4002	303872
13	4212	296648
14	4389	288269
15	4554	280128
16	4724	273171
17	4908	267775
18	5085	262572
19	5247	257140
20	5439	253563
21	5605	249192
22	5790	245975
23	5997	243882
24	6186	241280
25	6336	237374
26	6508	234534
27	6655	231032
28	6794	227487
29	6929	9444	3030	7130	9667	3031	7331	9891	2932	7432	10055	233	76233	10252	34	779834	1045235	7993	35	10661	285485
36	10878	283134
37	11071	280274
38	11262	277529
39	11453	274883
40	11634	272134
41	11845	270184
42	12066	268554443	12300	267264544	12574	266851
45	12810	265679
46	13027	264161
47	13235	262509
48	13435	260755
49	13604	258483
50	13780	256416
51	13970	254690
52	14181	253354	53	14414	252527
54	14653	251756	55	14877	250757	56	15066	249258	57	15281	248159	58	15547	247960	59	15795	247461	60	15998	246262	61	16196	245063	62	16431	244364	63	16715	244465	64	16935	243666	65	17175	243067	66	17398	242268	67	17579	240969	68	17783	239970	69	17995	239071	70	18194	238072	71	18386	236979
72	18563	235734
73	18747	234596
74	18892	233005
75	19080	231984
76	19272	231018
77	19438	229768
78	19623	228773
79	19791	227607
80	19974	226620
81	20139	225469
82	20308	224374
83	20483	223371
84	20660	222408
85	20809	221157
86	20974	220107
87	21148	219176
88	21295	217981
89	21470	217090
90	21652	216283
91	21848	215631
92	21983	214401
93	22175	213736
94	22322	212648
95	22527	212130
96	22750	211793
97	22909	210860
98	23084	210095
99	23270	209436
100	23479	208987
101	23700	208661
102	23935	208447
103	24181	208331
104	24411	208075
105	24643	207839
106	24886	207696
107	25107	207367
108	25340	207138
109	25541	206653
110	25771	206403
111	25979	205981
112	26169	205416
113	26354	204823
114	26548	204311
115	26763	203958
116	26946	203363
117	27110	202641
118	27281	201976
119	27457	201355
120	27603	200523
121	27767	199837
122	27949	199280
123	28096	198488
124	28269	197883
125	28453	197369
126	28608	196654
127	28774	196028
128	28915	195236
129	29083	194638
130	29269	194164
131	29456	193701
132	29619	193081
133	29819	192711
134	29981	192104
135	30206	191900
136	30404	191528
137	30622	191277
138	30800	190782
139	30951	1901214140	31103	1894914141	31265	1889114142	31432	1883714143	31837	1892514144	32091	1892214145	32387	1894414146	32627	1893214147	32819	1889314148	33034	188672
149	33216	1882215150	33473	188204
151	33652	1877415152	33858	1874315153	34107	1873615154	34360	187322
155	34544	186894
156	34783	186768
157	34946	186233
158	35143	1858816159	35376	185728
160	35554	185283
161	35762	1849916162	35965	1846816163	36190	1844816164	36388	1841416165	36605	1839016166	36796	1835416167	36971	1830916168	37148	1826617169	37337	1822917170	37549	182039
171	37814	182038
172	38098	182123
173	38375	182173
174	38594	1819417175	38838	181835
176	39097	181793
177	39291	1814417178	39507	1812018179	39699	1808518180	39860	180365
181	40067	180082
182	40251	179701
183	40454	179408
184	40636	179018
185	40840	178732
186	41057	178499
187	41203	1779618188	41450	177866
189	41669	177644
190	41893	177443
191	42085	177108
192	42307	176904
193	42553	176794
194	42755	176501
195	42985	1763219196	43210	1761319197	43434	1759219198	43661	175741
199	43851	175407
200	44081	175230
201	44293	174981
202	44548	174900
203	44781	174733
204	44984	174450
205	45175	174121
206	45373	173823
207	45586	173578
208	45788	173294
209	46033	173173
210	46260	172981
211	46454	172669
212	46662	172410
213	46865	172132
214	47031	171721
215	47272	171580
216	47485	171339
217	47688	171065
218	47898	170814
219	48154	170731
220	48349	170427
221	48549	170143
222	48759	169892
223	48964	169628
224	49154	169310
225	49359	169045
226	49563	168777
227	49740	168421
228	49975	168258
229	50186	168017
230	50392	167757
231	50615	167554
232	50842	167366
233	51054	167127
234	51250	166837
235	51451	166563
236	51632	166225
237	51824	165924
238	52036	165689
239	52256	165478
240	52449	165182
241	52654	164925
242	52850	164639
243	53076	164450
244	53274	164172
245	53499	163979
246	53684	163662
247	53882	163386
248	54089	163138
249	54283	162849
250	54515	162676
251	54697	162356
252	54898	162092
253	55108	161853
254	55299	161561
255	55474	161222
256	55683	160984
257	55865	160668
258	56092	160481
259	56296	160227
260	56508	159998
261	56706	159730
262	56933	159543
263	57163	159364
264	57363	159102
265	57563	158840
266	57759	158567
267	57993	158399
268	58199	158154
269	58375	157831
270	58572	157562
271	58740	157217
272	58915	156893
273	59109	156619
274	59408	156623
275	59637	156439
276	59827	156155
277	60014	155864
278	60226	155638
279	60473	155502
280	60684	155275
281	61036	155405
282	61324	155371
283	61708	155575
284	61974	155480
285	62265	155446
286	62505	155283
287	62758	155151
288	62969	154918
289	63278	154924
290	63841	155546
291	64256	155799
292	64635	155964
293	65088	156301
294	65431	156370
295	65783	156459
296	66124	156516
297	66465	156573
298	66776	156555
299	67061	156475
300	67358	156423
301	67635	156323
302	67907	156209
303	68183	156103
304	68435	155944
305	68750	155925
306	69050	155868
307	69399	155923
308	69702	155871
309	70012	155833
310	70347	155849
311	70719	155946
312	70983	155800
313	71327	155829
314	71593	155688
315	71919	155674
316	72191	155540
317	72472	155427
318	72741	155288
319	73060	155253
320	73406	155274
321	73699	155180
322	74056	155220
323	74385	155199
324	74691	155128
325	74969	154998
326	75280	154935
327	75572	154830
328	75882	154762
329	76236	154784
330	76534	154687
331	76808	154543
332	77085	154402
333	77394	154325
334	77741	154322
335	78127	154393
336	78442	154323
337	78797	154331
338	79098	154230
339	79405	154139
340	79709	154042
341	80016	153950
342	80324	153858
343	80613	153728
344	80936	153662
345	81258	153592
346	81577	153515
347	81892	153431
348	82222	153372
349	82556	153319
350	82856	153201
351	83152	153076
352	83506	153055
353	83799	152921
354	84114	152827
355	84458	152783
356	84736	152620
357	85023	152472
358	85317	152336
359	85575	152134
360	85868	151993
361	86225	151966
362	86512	151813
363	86793	151649
364	87069	151477
365	87344	151301
366	87618	151124
367	87885	150933
368	88196	150818
369	88466	150632
370	88815	150579
371	89135	150476
372	89463	150385
373	89742	150209
374	90017	150029
375	90351	149945
376	90651	149803
377	90963	149679
378	91302	149601
379	91694	149606
380	92000	149469
381	92295	149316
382	92569	149126
383	92915	149052
384	93200	148878
385	93492	148715
386	93824	148616
387	94085	148402
388	94405	148282
389	94683	148094
390	94989	147950
391	95293	147802
392	95574	147617
393	95920	147531
394	96228	147388
395	96561	147281
396	96862	147124
397	97201	147022
398	97432	146759
399	97819	146729
400	98113	146558
401	98419	146405
402	98769	146316
403	99002	146052
404	99296	145879
405	99543	145637
406	99789	145393
407	100083	145219
408	100317	144958
409	100591	144752
410	100857	144538
411	101107	144299
412	101358	144062
413	101629	143852
414	101898	143639
415	102157	143413
416	102404	143169
417	102658	142935
418	102972	142784
419	103250	142583
420	103544	142404
421	103793	142162
422	104056	141940
423	104366	141780
424	104635	141566
425	104924	141377
426	105214	141188
427	105546	141057
428	105842	140877
429	106177	140747
430	106498	140597
431	106792	140412
432	107096	140238
433	107419	140091
434	107697	139883
435	107974	139673
436	108280	139501
437	108588	139330
438	108916	139185
439	109200	138981
440	109443	138728
441	109746	138548
442	110026	138339
443	110256	138068
444	110546	137872
445	110841	137682
446	111132	137485
447	111405	137266
448	111715	137093
449	112004	136894
450	112312	136717
451	112660	136587
452	112943	136380
453	113263	136216
454	113561	136024
455	113884	135862
456	114167	135652
457	114531	135537
458	114773	135277
459	115085	135100
460	115371	134892
461	115668	134696
462	116028	134573
463	116456	134527
464	116792	134374
465	117133	134225
466	117470	134072
467	117788	133896
468	118076	133685
469	118413	133530
470	118709	133327
471	119029	133151
472	119329	132953
473	119664	132791
474	119996	132627
475	120306	132438
476	120582	132210
477	120901	132030
478	121203	131831
479	121530	131658
480	121854	131481
481	122278	131410
482	1483	122658	13483	1484	123123	13484	1485	123622	130744
486	124130	130757
487	124381	130498
488	124799	130414
489	125305	130419
490	125825	130438
491	126223	130328
492	126590	130185
493	127108	130196
494	127914	130498
495	128225	130294
496	128427	129977
497	128578	129610
498	128990	129507
499	129390	129390
500	129723	129205
501	130055	129019
502	130444	128888
503	130765	128690
504	131092	128496
505	131424	128307
506	131847	128206
507	132250	128085
508	132641	127950
509	133066	127848
510	133415	127671
511	133812	127539
512	134238	127434
513	134630	127296
514	135051	127184
515	135383	126987
516	135772	126843
517	136103	126644
518	136505	126510
519	136905	126374
520	137330	126259
521	137715	126107
522	138072	125928
523	138446	125763
524	138796	125578
525	139152	125395
526	139595	125291
527	139934	125093
528	140308	124925
529	140669	124744
530	141014	124549
531	141387	124378
532	141728	124178
533	142122	124024
534	142483	123840
535	142793	123612
536	143114	123393
537	143458	123193
538	143831	123017
539	144202	122839
540	144551	122641
541	144909	122451
542	145370	122347
543	145698	122129
544	146102	121975
545	146489	121805
546	146899	121655
547	147288	121485
548	147666	121306
549	148068	121147
550	148415	120941
551	148756	120729
552	149179	120584
553	149585	120424
554	149972	120247
555	150287	120013
556	150641	119810
557	150983	119596
558	151363	119411
559	151682	119178
560	152015	118956
561	152391	118767
562	152744	118560
563	153195	118427
564	153688	118326
565	154121	118178
566	154499	117986
567	154875	117792
568	155248	117596
569	155726	117477
570	156195	117351
571	156644	117209
572	157044	117029
573	157412	116825
574	157845	116668
575	158264	116499
576	158730	116365
577	159260	116276
578	159660	116091
579	160112	115943
580	160488	115739
581	160786	115478
582	161174	115282
583	161493	115036
584	161890	114845
585	162309	114668
586	162706	114476
587	163025	114229
588	163367	113996
589	163688	113749
590	164033	113518
591	164358	113273
592	164712	113048
593	165232	112936
594	165679	112773
595	166087	112582
596	166478	112380
597	166865	112173
598	167251	111966
599	167573	111715
600	167935	111491
601	168323	111283
602	168691	111061
603	169035	110824
604	169353	110569
605	169752	110367
606	170138	110155
607	170520	109940
608	170888	109716
609	171280	109507
610	171647	109281
611	172017	109056
612	172406	108843
613	172826	108649
614	173305	108491
615	173823	108357
616	174295	108192
617	174910	108115
618	175317	107909
619	175563	107603
620	175919	107364
621	176272	107123
622	176562	106844
623	176988	106646
624	177315	106389
625	177646	106133
626	177924	105846
627	178263	105595
628	178705	105405
629	179093	105181
630	179528	104985
631	179904	104754
632	180313	104542
633	180743	104340
634	181121	104109
635	181422	103832
636	181808	103605
637	182151	103352
638	182477	103089
639	182773	102810
640	183218	102613
641	183624	102394
642	183914	102111
643	184225	101839
644	184527	101561
645	184868	101305
646	185177	101032
647	185476	100752
648	185779	100475
649	186067	100189
650	186325	99889
651	186689	99643
652	187000	99370
653	187304	99093
654	187740	98886
655	188113	98645
656	188478	98399
657	188893	98178
658	189307	97957
659	189650	97698
660	190015	97451
661	190317	97171
662	190613	96887
663	190943	96621
664	191289	96364
665	191593	96084
666	191923	95817
667	192242	95545
668	192590	95287
669	192856	94989
670	193179	94718
671	193494	94443
672	193876	94201
673	194226	93943
674	194564	93679
675	194979	93451
676	195362	93208
677	195764	92973
678	196111	92712
679	196514	92477
680	196926	92245
681	197262	91978
682	197617	91719
683	197998	91472
684	198405	91237
685	198850	91019
686	199170	90742
687	199498	90470
688	199770	90172
689	200075	89889
690	200401	89615
691	200741	89347
692	201100	89087
693	201403	88803
694	201759	88541
695	202102	88274
696	202378	87978
697	202706	87703
698	203044	87434
699	203366	87157
700	203692	86881
701	204055	86621
702	204325	86322
703	204643	86043
704	204952	85760
705	205229	85464
706	205589	85201
707	205891	84915
708	206217	84639
709	206488	84340
710	206823	84067
711	207123	83780
712	207463	83509
713	207790	83232
714	208125	82958
715	208459	82684
716	208743	82391
717	209079	82117
718	209378	81829
719	209653	81531
720	209922	81232
721	210188	80931
722	210514	80653
723	210850	80379
724	211204	80112
725	211518	79829
726	211788	79530
727	212090	79242
728	212371	78947
729	212653	78652
730	212988	78377
731	213301	78094
732	213597	77804
733	214005	77555
734	214280	77257
735	214534	76952
736	214873	76677
737	215147	76380
738	215418	76081
739	215737	75799
740	216044	75513
741	216349	75226
742	216601	74921
743	216942	74646
744	217233	74354
745	217617	74095
746	217863	73787
747	218220	73518
748	218636	73268
749	219138	73046
750	220021	72949
751	220782	72811
752	221334	72602
753	221647	72314
754	221942	72020
755	222182	71709
756	222418	71397
757	222664	71088
758	223177	70864
759	223737	70654
760	224152	70397
761	224476	70112
762	224808	69829
763	225205	69566
764	225490	69268
765	225906	69010
766	226244	68728
767	226463	68410
768	226696	68097
769	226934	67785
770	227114	67456
771	227346	67143
772	227576	66830
773	227755	66502
774	227940	66176
775	228111	65846
776	228297	65521
777	228502	65202
778	228751	64896
779	229222	64652
780	229408	64328
781	229733	64043
782	230121	63775
783	230330	63458
784	230527	63138
785	230738	62821
786	231044	62531
787	231281	62222
788	231441	61893
789	231621	61570
790	231803	61247
791	231966	60920
792	232131	60594
793	232286	60265
794	232432	59935
795	232609	59613
796	232801	59295
797	233002	58980
798	233217	58669
799	233425	58356
800	233626	58042
801	233856	57735
802	234071	57424
803	234284	57114
804	234453	56793
805	234634	56475
806	234814	56157
807	234974	55835
808	235132	55513
809	235291	55191
810	235461	54873
811	235607	54549
812	235799	54236
813	235971	53919
814	236123	53598
815	236308	53285
816	236453	52963
817	236595	52641
818	236742	52320
819	237137	52054
820	237339	51746
821	237570	51444
822	237776	51137
823	238033	50842
824	238332	50555
825	238589	50259
826	238788	49952
827	238991	49645
828	239208	49342
829	239500	49054
830	239817	48771
831	240151	48492
832	240358	48187
833	240686	47906
834	241026	47628
835	241308	47338
836	241542	47038
837	241922	46767
838	242425	46520
839	242783	46244
840	243206	45980
841	243573	45706
842	243929	45429
843	244275	45150
844	244592	44866
845	245076	44612
846	245422	44332
847	245886	44074
848	246342	43813
849	246654	43527
850	247054	43256
851	247407	42976
852	247739	42693
853	248100	42415
854	248431	42131
855	248786	41851
856	249129	41570
857	249519	41295
858	249893	41018
859	250254	40739
860	250688	40471
861	251064	40193
862	251454	39918
863	251864	39645
864	252185	39358
865	252503	39070
866	252874	38791
867	253189	38503
868	253517	38217
869	253802	37924
870	254057	37627
871	254342	37334
872	254564	37032
873	254814	36735
874	255033	36433
875	255285	36136
876	255496	35833
877	255662	35524
878	255857	35220
879	256069	34918
880	256243	34611
881	256459	34310
882	256686	34011
883	256861	33705
884	257006	33396
885	257204	33094
886	257387	32790
887	257556	32484
888	257748	32182
889	257905	31875
890	258134	31578
891	258290	31272
892	258510	30974
893	258689	30672
894	258905	30374
895	259074	30071
896	259255	29769
897	259393	29463
898	259535	29158
899	259712	28856
900	259930	28560
901	260079	28256
902	260227	27953
903	260386	27651
904	260523	27347
905	260673	27045
906	260825	26743
907	260983	26443
908	261124	26141
909	261282	25841
910	261441	25541
911	261599	25242
912	261757	24942
913	261908	24643
914	262081	24346
915	262346	24057
916	262544	23763
917	262769	23471
918	262998	23180
919	263172	22884
920	263337	22588
921	263496	22291
922	263666	21996
923	263827	21700
924	264020	21407
925	264220	21114
926	264383	20819
927	264538	20524
928	264684	20228
929	264853	19935
930	264991	19639
931	265116	19343
932	265316	19052
933	265484	18760
934	265675	18469
935	265867	18178
936	266126	17893
937	266336	17604
938	266563	17316
939	266801	17029
940	267016	16741
941	267229	16453
942	267437	16165
943	267616	15875
944	267816	15587
945	267993	15297
946	268158	15007
947	268356	14719
948	268531	14431
949	268694	14141
950	268875	13853
951	269042	13565
952	269200	13276
953	269335	12986
954	269493	12698
955	269682	12412
956	270111	12136
957	270308	11850
958	270470	11563
959	270662	11277
960	270852	10991
961	271020	10705
962	271211	10420
963	271401	10135
964	271592	9850
965	271781	9565
966	271950	9280
967	272131	8996
968	272267	8710
96969	272529	84297970	272722	81497971	272958	78697972	273173	7580
973	273371	7297
974	273616	7015
975	273832	6733
976	274014	6450
977	274208	6168
978	274394	5885
979	274586	5603
980	274781	5321
981	274987	5040
982	275237	4759
983	275473	4479
984	275676	4198
985	275880	3917
986	276097	3636
987	276299	3355
988	276481	3075
989	276686	2794
990	276863	2514
991	276948	2233
992	277050	1953
993	277188	1673
994	277276	1393
995	277382	1113
996	277496	834
997	277651	556
998	277766	278
999	277851	0
